{"cameraMode":{"drawMode":0,"name":"Shaded","section":"Shading Mode"},"sceneLighting":false,"audioPlay":false,"sceneViewState":{"showFog":true,"showMaterialUpdate":false,"showSkybox":false,"showFlares":true,"showImageEffects":true,"showParticleSystems":true},"in2DMode":false,"pivot":{"x":5.889999866485596,"y":0.6000000238418579,"z":0.0},"rotation":{"x":-0.10605843365192414,"y":0.8519002199172974,"z":-0.18960732221603394,"w":-0.47651800513267519},"size":0.8660253882408142,"orthographic":false}